num_ret               	451	1000
num_rel               	451	22
num_rel_ret           	451	17
map                   	451	0.4620
Rprec                 	451	0.5909
bpref                 	451	0.5393
recip_rank            	451	0.5000
iprec_at_recall_0.00  	451	0.8750
iprec_at_recall_0.10  	451	0.8750
iprec_at_recall_0.20  	451	0.8750
iprec_at_recall_0.30  	451	0.8750
iprec_at_recall_0.40  	451	0.8182
iprec_at_recall_0.50  	451	0.6316
iprec_at_recall_0.60  	451	0.5833
iprec_at_recall_0.70  	451	0.0278
iprec_at_recall_0.80  	451	0.0000
iprec_at_recall_0.90  	451	0.0000
iprec_at_recall_1.00  	451	0.0000
P_5                   	451	0.8000
P_10                  	451	0.8000
P_15                  	451	0.6667
P_20                  	451	0.6000
P_30                  	451	0.4667
P_100                 	451	0.1400
P_200                 	451	0.0700
P_500                 	451	0.0280
P_1000                	451	0.0170
relstring             	451	'0122212201'
recall_5              	451	0.1818
recall_10             	451	0.3636
recall_15             	451	0.4545
recall_20             	451	0.5455
recall_30             	451	0.6364
recall_100            	451	0.6364
recall_200            	451	0.6364
recall_500            	451	0.6364
recall_1000           	451	0.7727
infAP                 	451	0.4620
Rprec_mult_0.20       	451	0.8000
Rprec_mult_0.40       	451	0.7778
Rprec_mult_0.60       	451	0.7143
Rprec_mult_0.80       	451	0.6111
Rprec_mult_1.00       	451	0.5909
Rprec_mult_1.20       	451	0.5185
Rprec_mult_1.40       	451	0.4516
Rprec_mult_1.60       	451	0.3889
Rprec_mult_1.80       	451	0.3500
Rprec_mult_2.00       	451	0.3182
utility               	451	-966.0000
11pt_avg              	451	0.5055
binG                  	451	0.3351
G                     	451	0.3089
ndcg                  	451	0.6725
ndcg_rel              	451	0.6100
Rndcg                 	451	0.6144
ndcg_cut_5            	451	0.5538
ndcg_cut_10           	451	0.6637
ndcg_cut_15           	451	0.6578
ndcg_cut_20           	451	0.6280
ndcg_cut_30           	451	0.6425
ndcg_cut_100          	451	0.6425
ndcg_cut_200          	451	0.6425
ndcg_cut_500          	451	0.6425
ndcg_cut_1000         	451	0.6725
map_cut_5             	451	0.1235
map_cut_10            	451	0.2765
map_cut_15            	451	0.3486
map_cut_20            	451	0.4051
map_cut_30            	451	0.4585
map_cut_100           	451	0.4585
map_cut_200           	451	0.4585
map_cut_500           	451	0.4585
map_cut_1000          	451	0.4620
relative_P_5          	451	0.8000
relative_P_10         	451	0.8000
relative_P_15         	451	0.6667
relative_P_20         	451	0.6000
relative_P_30         	451	0.6364
relative_P_100        	451	0.6364
relative_P_200        	451	0.6364
relative_P_500        	451	0.6364
relative_P_1000       	451	0.7727
success_1             	451	0.0000
success_5             	451	1.0000
success_10            	451	1.0000
set_P                 	451	0.0170
set_relative_P        	451	0.7727
set_recall            	451	0.7727
set_map               	451	0.0131
set_F                 	451	0.0333
num_nonrel_judged_ret 	451	450
num_ret               	452	1000
num_rel               	452	269
num_rel_ret           	452	63
map                   	452	0.0858
Rprec                 	452	0.1673
bpref                 	452	0.1495
recip_rank            	452	1.0000
iprec_at_recall_0.00  	452	1.0000
iprec_at_recall_0.10  	452	0.2991
iprec_at_recall_0.20  	452	0.1247
iprec_at_recall_0.30  	452	0.0000
iprec_at_recall_0.40  	452	0.0000
iprec_at_recall_0.50  	452	0.0000
iprec_at_recall_0.60  	452	0.0000
iprec_at_recall_0.70  	452	0.0000
iprec_at_recall_0.80  	452	0.0000
iprec_at_recall_0.90  	452	0.0000
iprec_at_recall_1.00  	452	0.0000
P_5                   	452	1.0000
P_10                  	452	0.8000
P_15                  	452	0.6667
P_20                  	452	0.5500
P_30                  	452	0.4667
P_100                 	452	0.2800
P_200                 	452	0.2100
P_500                 	452	0.1180
P_1000                	452	0.0630
relstring             	452	'1121121100'
recall_5              	452	0.0186
recall_10             	452	0.0297
recall_15             	452	0.0372
recall_20             	452	0.0409
recall_30             	452	0.0520
recall_100            	452	0.1041
recall_200            	452	0.1561
recall_500            	452	0.2193
recall_1000           	452	0.2342
infAP                 	452	0.0858
Rprec_mult_0.20       	452	0.2963
Rprec_mult_0.40       	452	0.2963
Rprec_mult_0.60       	452	0.2469
Rprec_mult_0.80       	452	0.1991
Rprec_mult_1.00       	452	0.1673
Rprec_mult_1.20       	452	0.1455
Rprec_mult_1.40       	452	0.1353
Rprec_mult_1.60       	452	0.1206
Rprec_mult_1.80       	452	0.1216
Rprec_mult_2.00       	452	0.1115
utility               	452	-874.0000
11pt_avg              	452	0.1294
binG                  	452	0.0641
G                     	452	0.0480
ndcg                  	452	0.2798
ndcg_rel              	452	0.2990
Rndcg                 	452	0.3239
ndcg_cut_5            	452	0.5848
ndcg_cut_10           	452	0.5293
ndcg_cut_15           	452	0.4559
ndcg_cut_20           	452	0.4325
ndcg_cut_30           	452	0.4289
ndcg_cut_100          	452	0.3415
ndcg_cut_200          	452	0.2775
ndcg_cut_500          	452	0.2689
ndcg_cut_1000         	452	0.2798
map_cut_5             	452	0.0186
map_cut_10            	452	0.0297
map_cut_15            	452	0.0354
map_cut_20            	452	0.0377
map_cut_30            	452	0.0439
map_cut_100           	452	0.0613
map_cut_200           	452	0.0753
map_cut_500           	452	0.0844
map_cut_1000          	452	0.0858
relative_P_5          	452	1.0000
relative_P_10         	452	0.8000
relative_P_15         	452	0.6667
relative_P_20         	452	0.5500
relative_P_30         	452	0.4667
relative_P_100        	452	0.2800
relative_P_200        	452	0.2100
relative_P_500        	452	0.2193
relative_P_1000       	452	0.2342
success_1             	452	1.0000
success_5             	452	1.0000
success_10            	452	1.0000
set_P                 	452	0.0630
set_relative_P        	452	0.2342
set_recall            	452	0.2342
set_map               	452	0.0148
set_F                 	452	0.0993
num_nonrel_judged_ret 	452	411
num_ret               	453	1000
num_rel               	453	103
num_rel_ret           	453	85
map                   	453	0.3575
Rprec                 	453	0.4175
bpref                 	453	0.3585
recip_rank            	453	1.0000
iprec_at_recall_0.00  	453	1.0000
iprec_at_recall_0.10  	453	0.6500
iprec_at_recall_0.20  	453	0.5682
iprec_at_recall_0.30  	453	0.5286
iprec_at_recall_0.40  	453	0.4190
iprec_at_recall_0.50  	453	0.3611
iprec_at_recall_0.60  	453	0.3088
iprec_at_recall_0.70  	453	0.1547
iprec_at_recall_0.80  	453	0.1005
iprec_at_recall_0.90  	453	0.0000
iprec_at_recall_1.00  	453	0.0000
P_5                   	453	0.8000
P_10                  	453	0.7000
P_15                  	453	0.6667
P_20                  	453	0.6500
P_30                  	453	0.6000
P_100                 	453	0.4100
P_200                 	453	0.3000
P_500                 	453	0.1480
P_1000                	453	0.0850
relstring             	453	'2210221010'
recall_5              	453	0.0388
recall_10             	453	0.0680
recall_15             	453	0.0971
recall_20             	453	0.1262
recall_30             	453	0.1748
recall_100            	453	0.3981
recall_200            	453	0.5825
recall_500            	453	0.7184
recall_1000           	453	0.8252
infAP                 	453	0.3575
Rprec_mult_0.20       	453	0.6190
Rprec_mult_0.40       	453	0.5476
Rprec_mult_0.60       	453	0.5161
Rprec_mult_0.80       	453	0.4819
Rprec_mult_1.00       	453	0.4175
Rprec_mult_1.20       	453	0.3710
Rprec_mult_1.40       	453	0.3586
Rprec_mult_1.60       	453	0.3333
Rprec_mult_1.80       	453	0.3065
Rprec_mult_2.00       	453	0.3058
utility               	453	-830.0000
11pt_avg              	453	0.3719
binG                  	453	0.1897
G                     	453	0.1869
ndcg                  	453	0.7238
ndcg_rel              	453	0.6399
Rndcg                 	453	0.6033
ndcg_cut_5            	453	0.7691
ndcg_cut_10           	453	0.6473
ndcg_cut_15           	453	0.5929
ndcg_cut_20           	453	0.5929
ndcg_cut_30           	453	0.5926
ndcg_cut_100          	453	0.5099
ndcg_cut_200          	453	0.6061
ndcg_cut_500          	453	0.6798
ndcg_cut_1000         	453	0.7238
map_cut_5             	453	0.0369
map_cut_10            	453	0.0609
map_cut_15            	453	0.0795
map_cut_20            	453	0.0983
map_cut_30            	453	0.1277
map_cut_100           	453	0.2451
map_cut_200           	453	0.3117
map_cut_500           	453	0.3442
map_cut_1000          	453	0.3575
relative_P_5          	453	0.8000
relative_P_10         	453	0.7000
relative_P_15         	453	0.6667
relative_P_20         	453	0.6500
relative_P_30         	453	0.6000
relative_P_100        	453	0.4100
relative_P_200        	453	0.5825
relative_P_500        	453	0.7184
relative_P_1000       	453	0.8252
success_1             	453	1.0000
success_5             	453	1.0000
success_10            	453	1.0000
set_P                 	453	0.0850
set_relative_P        	453	0.8252
set_recall            	453	0.8252
set_map               	453	0.0701
set_F                 	453	0.1541
num_nonrel_judged_ret 	453	390
num_ret               	454	1000
num_rel               	454	140
num_rel_ret           	454	37
map                   	454	0.1079
Rprec                 	454	0.2214
bpref                 	454	0.1938
recip_rank            	454	1.0000
iprec_at_recall_0.00  	454	1.0000
iprec_at_recall_0.10  	454	0.4667
iprec_at_recall_0.20  	454	0.2959
iprec_at_recall_0.30  	454	0.0000
iprec_at_recall_0.40  	454	0.0000
iprec_at_recall_0.50  	454	0.0000
iprec_at_recall_0.60  	454	0.0000
iprec_at_recall_0.70  	454	0.0000
iprec_at_recall_0.80  	454	0.0000
iprec_at_recall_0.90  	454	0.0000
iprec_at_recall_1.00  	454	0.0000
P_5                   	454	0.6000
P_10                  	454	0.5000
P_15                  	454	0.4000
P_20                  	454	0.3500
P_30                  	454	0.4667
P_100                 	454	0.2900
P_200                 	454	0.1750
P_500                 	454	0.0700
P_1000                	454	0.0370
relstring             	454	'2220010001'
recall_5              	454	0.0214
recall_10             	454	0.0357
recall_15             	454	0.0429
recall_20             	454	0.0500
recall_30             	454	0.1000
recall_100            	454	0.2071
recall_200            	454	0.2500
recall_500            	454	0.2500
recall_1000           	454	0.2643
infAP                 	454	0.1079
Rprec_mult_0.20       	454	0.4286
Rprec_mult_0.40       	454	0.3571
Rprec_mult_0.60       	454	0.3214
Rprec_mult_0.80       	454	0.2679
Rprec_mult_1.00       	454	0.2214
Rprec_mult_1.20       	454	0.2024
Rprec_mult_1.40       	454	0.1786
Rprec_mult_1.60       	454	0.1562
Rprec_mult_1.80       	454	0.1389
Rprec_mult_2.00       	454	0.1250
utility               	454	-926.0000
11pt_avg              	454	0.1602
binG                  	454	0.0725
G                     	454	0.0860
ndcg                  	454	0.3582
ndcg_rel              	454	0.3888
Rndcg                 	454	0.3621
ndcg_cut_5            	454	0.7227
ndcg_cut_10           	454	0.5400
ndcg_cut_15           	454	0.4404
ndcg_cut_20           	454	0.4001
ndcg_cut_30           	454	0.4668
ndcg_cut_100          	454	0.3799
ndcg_cut_200          	454	0.3521
ndcg_cut_500          	454	0.3521
ndcg_cut_1000         	454	0.3582
map_cut_5             	454	0.0214
map_cut_10            	454	0.0298
map_cut_15            	454	0.0328
map_cut_20            	454	0.0356
map_cut_30            	454	0.0571
map_cut_100           	454	0.0975
map_cut_200           	454	0.1072
map_cut_500           	454	0.1072
map_cut_1000          	454	0.1079
relative_P_5          	454	0.6000
relative_P_10         	454	0.5000
relative_P_15         	454	0.4000
relative_P_20         	454	0.3500
relative_P_30         	454	0.4667
relative_P_100        	454	0.2900
relative_P_200        	454	0.2500
relative_P_500        	454	0.2500
relative_P_1000       	454	0.2643
success_1             	454	1.0000
success_5             	454	1.0000
success_10            	454	1.0000
set_P                 	454	0.0370
set_relative_P        	454	0.2643
set_recall            	454	0.2643
set_map               	454	0.0098
set_F                 	454	0.0649
num_nonrel_judged_ret 	454	223
num_ret               	455	1000
num_rel               	455	24
num_rel_ret           	455	22
map                   	455	0.2376
Rprec                 	455	0.3750
bpref                 	455	0.2413
recip_rank            	455	1.0000
iprec_at_recall_0.00  	455	1.0000
iprec_at_recall_0.10  	455	0.6000
iprec_at_recall_0.20  	455	0.4091
iprec_at_recall_0.30  	455	0.4091
iprec_at_recall_0.40  	455	0.2632
iprec_at_recall_0.50  	455	0.1935
iprec_at_recall_0.60  	455	0.1613
iprec_at_recall_0.70  	455	0.0909
iprec_at_recall_0.80  	455	0.0253
iprec_at_recall_0.90  	455	0.0223
iprec_at_recall_1.00  	455	0.0000
P_5                   	455	0.6000
P_10                  	455	0.3000
P_15                  	455	0.2000
P_20                  	455	0.4000
P_30                  	455	0.3000
P_100                 	455	0.1600
P_200                 	455	0.0850
P_500                 	455	0.0340
P_1000                	455	0.0220
relstring             	455	'2001100000'
recall_5              	455	0.1250
recall_10             	455	0.1250
recall_15             	455	0.1250
recall_20             	455	0.3333
recall_30             	455	0.3750
recall_100            	455	0.6667
recall_200            	455	0.7083
recall_500            	455	0.7083
recall_1000           	455	0.9167
infAP                 	455	0.2376
Rprec_mult_0.20       	455	0.6000
Rprec_mult_0.40       	455	0.3000
Rprec_mult_0.60       	455	0.2000
Rprec_mult_0.80       	455	0.4000
Rprec_mult_1.00       	455	0.3750
Rprec_mult_1.20       	455	0.3103
Rprec_mult_1.40       	455	0.2647
Rprec_mult_1.60       	455	0.2564
Rprec_mult_1.80       	455	0.2273
Rprec_mult_2.00       	455	0.2292
utility               	455	-956.0000
11pt_avg              	455	0.2886
binG                  	455	0.2266
G                     	455	0.2405
ndcg                  	455	0.6309
ndcg_rel              	455	0.5533
Rndcg                 	455	0.5619
ndcg_cut_5            	455	0.6153
ndcg_cut_10           	455	0.4563
ndcg_cut_15           	455	0.3761
ndcg_cut_20           	455	0.4609
ndcg_cut_30           	455	0.4416
ndcg_cut_100          	455	0.5616
ndcg_cut_200          	455	0.5755
ndcg_cut_500          	455	0.5755
ndcg_cut_1000         	455	0.6309
map_cut_5             	455	0.0875
map_cut_10            	455	0.0875
map_cut_15            	455	0.0875
map_cut_20            	455	0.1561
map_cut_30            	455	0.1731
map_cut_100           	455	0.2278
map_cut_200           	455	0.2316
map_cut_500           	455	0.2316
map_cut_1000          	455	0.2376
relative_P_5          	455	0.6000
relative_P_10         	455	0.3000
relative_P_15         	455	0.2000
relative_P_20         	455	0.4000
relative_P_30         	455	0.3750
relative_P_100        	455	0.6667
relative_P_200        	455	0.7083
relative_P_500        	455	0.7083
relative_P_1000       	455	0.9167
success_1             	455	1.0000
success_5             	455	1.0000
success_10            	455	1.0000
set_P                 	455	0.0220
set_relative_P        	455	0.9167
set_recall            	455	0.9167
set_map               	455	0.0202
set_F                 	455	0.0430
num_nonrel_judged_ret 	455	438
num_ret               	456	1000
num_rel               	456	14
num_rel_ret           	456	6
map                   	456	0.0058
Rprec                 	456	0.0000
bpref                 	456	0.0000
recip_rank            	456	0.0238
iprec_at_recall_0.00  	456	0.0238
iprec_at_recall_0.10  	456	0.0139
iprec_at_recall_0.20  	456	0.0132
iprec_at_recall_0.30  	456	0.0122
iprec_at_recall_0.40  	456	0.0078
iprec_at_recall_0.50  	456	0.0000
iprec_at_recall_0.60  	456	0.0000
iprec_at_recall_0.70  	456	0.0000
iprec_at_recall_0.80  	456	0.0000
iprec_at_recall_0.90  	456	0.0000
iprec_at_recall_1.00  	456	0.0000
P_5                   	456	0.0000
P_10                  	456	0.0000
P_15                  	456	0.0000
P_20                  	456	0.0000
P_30                  	456	0.0000
P_100                 	456	0.0100
P_200                 	456	0.0100
P_500                 	456	0.0100
P_1000                	456	0.0060
relstring             	456	'0000000000'
recall_5              	456	0.0000
recall_10             	456	0.0000
recall_15             	456	0.0000
recall_20             	456	0.0000
recall_30             	456	0.0000
recall_100            	456	0.0714
recall_200            	456	0.1429
recall_500            	456	0.3571
recall_1000           	456	0.4286
infAP                 	456	0.0058
Rprec_mult_0.20       	456	0.0000
Rprec_mult_0.40       	456	0.0000
Rprec_mult_0.60       	456	0.0000
Rprec_mult_0.80       	456	0.0000
Rprec_mult_1.00       	456	0.0000
Rprec_mult_1.20       	456	0.0000
Rprec_mult_1.40       	456	0.0000
Rprec_mult_1.60       	456	0.0000
Rprec_mult_1.80       	456	0.0000
Rprec_mult_2.00       	456	0.0000
utility               	456	-988.0000
11pt_avg              	456	0.0064
binG                  	456	0.0562
G                     	456	0.0490
ndcg                  	456	0.1085
ndcg_rel              	456	0.0915
Rndcg                 	456	0.0362
ndcg_cut_5            	456	0.0000
ndcg_cut_10           	456	0.0000
ndcg_cut_15           	456	0.0000
ndcg_cut_20           	456	0.0000
ndcg_cut_30           	456	0.0000
ndcg_cut_100          	456	0.0254
ndcg_cut_200          	456	0.0447
ndcg_cut_500          	456	0.0941
ndcg_cut_1000         	456	0.1085
map_cut_5             	456	0.0000
map_cut_10            	456	0.0000
map_cut_15            	456	0.0000
map_cut_20            	456	0.0000
map_cut_30            	456	0.0000
map_cut_100           	456	0.0017
map_cut_200           	456	0.0027
map_cut_500           	456	0.0052
map_cut_1000          	456	0.0058
relative_P_5          	456	0.0000
relative_P_10         	456	0.0000
relative_P_15         	456	0.0000
relative_P_20         	456	0.0000
relative_P_30         	456	0.0000
relative_P_100        	456	0.0714
relative_P_200        	456	0.1429
relative_P_500        	456	0.3571
relative_P_1000       	456	0.4286
success_1             	456	0.0000
success_5             	456	0.0000
success_10            	456	0.0000
set_P                 	456	0.0060
set_relative_P        	456	0.4286
set_recall            	456	0.4286
set_map               	456	0.0026
set_F                 	456	0.0118
num_nonrel_judged_ret 	456	403
num_ret               	457	1000
num_rel               	457	69
num_rel_ret           	457	54
map                   	457	0.0849
Rprec                 	457	0.1449
bpref                 	457	0.0683
recip_rank            	457	0.0833
iprec_at_recall_0.00  	457	0.1630
iprec_at_recall_0.10  	457	0.1630
iprec_at_recall_0.20  	457	0.1630
iprec_at_recall_0.30  	457	0.1321
iprec_at_recall_0.40  	457	0.1191
iprec_at_recall_0.50  	457	0.0922
iprec_at_recall_0.60  	457	0.0913
iprec_at_recall_0.70  	457	0.0730
iprec_at_recall_0.80  	457	0.0000
iprec_at_recall_0.90  	457	0.0000
iprec_at_recall_1.00  	457	0.0000
P_5                   	457	0.0000
P_10                  	457	0.0000
P_15                  	457	0.0667
P_20                  	457	0.0500
P_30                  	457	0.1000
P_100                 	457	0.1500
P_200                 	457	0.1150
P_500                 	457	0.0860
P_1000                	457	0.0540
relstring             	457	'0000000000'
recall_5              	457	0.0000
recall_10             	457	0.0000
recall_15             	457	0.0145
recall_20             	457	0.0145
recall_30             	457	0.0435
recall_100            	457	0.2174
recall_200            	457	0.3333
recall_500            	457	0.6232
recall_1000           	457	0.7826
infAP                 	457	0.0849
Rprec_mult_0.20       	457	0.0714
Rprec_mult_0.40       	457	0.1071
Rprec_mult_0.60       	457	0.0714
Rprec_mult_0.80       	457	0.1250
Rprec_mult_1.00       	457	0.1449
Rprec_mult_1.20       	457	0.1446
Rprec_mult_1.40       	457	0.1546
Rprec_mult_1.60       	457	0.1441
Rprec_mult_1.80       	457	0.1280
Rprec_mult_2.00       	457	0.1304
utility               	457	-892.0000
11pt_avg              	457	0.0906
binG                  	457	0.1093
G                     	457	0.1126
ndcg                  	457	0.4308
ndcg_rel              	457	0.2968
Rndcg                 	457	0.1848
ndcg_cut_5            	457	0.0000
ndcg_cut_10           	457	0.0000
ndcg_cut_15           	457	0.0275
ndcg_cut_20           	457	0.0246
ndcg_cut_30           	457	0.0707
ndcg_cut_100          	457	0.1783
ndcg_cut_200          	457	0.2412
ndcg_cut_500          	457	0.3722
ndcg_cut_1000         	457	0.4308
map_cut_5             	457	0.0000
map_cut_10            	457	0.0000
map_cut_15            	457	0.0012
map_cut_20            	457	0.0012
map_cut_30            	457	0.0044
map_cut_100           	457	0.0281
map_cut_200           	457	0.0436
map_cut_500           	457	0.0731
map_cut_1000          	457	0.0849
relative_P_5          	457	0.0000
relative_P_10         	457	0.0000
relative_P_15         	457	0.0667
relative_P_20         	457	0.0500
relative_P_30         	457	0.1000
relative_P_100        	457	0.2174
relative_P_200        	457	0.3333
relative_P_500        	457	0.6232
relative_P_1000       	457	0.7826
success_1             	457	0.0000
success_5             	457	0.0000
success_10            	457	0.0000
set_P                 	457	0.0540
set_relative_P        	457	0.7826
set_recall            	457	0.7826
set_map               	457	0.0423
set_F                 	457	0.1010
num_nonrel_judged_ret 	457	488
num_ret               	458	1000
num_rel               	458	35
num_rel_ret           	458	32
map                   	458	0.0891
Rprec                 	458	0.1143
bpref                 	458	0.0596
recip_rank            	458	0.1111
iprec_at_recall_0.00  	458	0.2000
iprec_at_recall_0.10  	458	0.1607
iprec_at_recall_0.20  	458	0.1607
iprec_at_recall_0.30  	458	0.1398
iprec_at_recall_0.40  	458	0.1364
iprec_at_recall_0.50  	458	0.1146
iprec_at_recall_0.60  	458	0.0728
iprec_at_recall_0.70  	458	0.0403
iprec_at_recall_0.80  	458	0.0331
iprec_at_recall_0.90  	458	0.0331
iprec_at_recall_1.00  	458	0.0000
P_5                   	458	0.0000
P_10                  	458	0.2000
P_15                  	458	0.1333
P_20                  	458	0.1000
P_30                  	458	0.1000
P_100                 	458	0.1300
P_200                 	458	0.0900
P_500                 	458	0.0480
P_1000                	458	0.0320
relstring             	458	'0000000011'
recall_5              	458	0.0000
recall_10             	458	0.0571
recall_15             	458	0.0571
recall_20             	458	0.0571
recall_30             	458	0.0857
recall_100            	458	0.3714
recall_200            	458	0.5143
recall_500            	458	0.6857
recall_1000           	458	0.9143
infAP                 	458	0.0891
Rprec_mult_0.20       	458	0.0000
Rprec_mult_0.40       	458	0.1429
Rprec_mult_0.60       	458	0.0952
Rprec_mult_0.80       	458	0.1071
Rprec_mult_1.00       	458	0.1143
Rprec_mult_1.20       	458	0.1190
Rprec_mult_1.40       	458	0.1224
Rprec_mult_1.60       	458	0.1607
Rprec_mult_1.80       	458	0.1429
Rprec_mult_2.00       	458	0.1286
utility               	458	-936.0000
11pt_avg              	458	0.0992
binG                  	458	0.1393
G                     	458	0.1400
ndcg                  	458	0.4453
ndcg_rel              	458	0.2889
Rndcg                 	458	0.1782
ndcg_cut_5            	458	0.0000
ndcg_cut_10           	458	0.1064
ndcg_cut_15           	458	0.0860
ndcg_cut_20           	458	0.0734
ndcg_cut_30           	458	0.0788
ndcg_cut_100          	458	0.2416
ndcg_cut_200          	458	0.3055
ndcg_cut_500          	458	0.3714
ndcg_cut_1000         	458	0.4453
map_cut_5             	458	0.0000
map_cut_10            	458	0.0089
map_cut_15            	458	0.0089
map_cut_20            	458	0.0089
map_cut_30            	458	0.0122
map_cut_100           	458	0.0509
map_cut_200           	458	0.0685
map_cut_500           	458	0.0814
map_cut_1000          	458	0.0891
relative_P_5          	458	0.0000
relative_P_10         	458	0.2000
relative_P_15         	458	0.1333
relative_P_20         	458	0.1000
relative_P_30         	458	0.1000
relative_P_100        	458	0.3714
relative_P_200        	458	0.5143
relative_P_500        	458	0.6857
relative_P_1000       	458	0.9143
success_1             	458	0.0000
success_5             	458	0.0000
success_10            	458	1.0000
set_P                 	458	0.0320
set_relative_P        	458	0.9143
set_recall            	458	0.9143
set_map               	458	0.0293
set_F                 	458	0.0618
num_nonrel_judged_ret 	458	346
num_ret               	459	1000
num_rel               	459	43
num_rel_ret           	459	34
map                   	459	0.2520
Rprec                 	459	0.3023
bpref                 	459	0.2423
recip_rank            	459	1.0000
iprec_at_recall_0.00  	459	1.0000
iprec_at_recall_0.10  	459	0.6250
iprec_at_recall_0.20  	459	0.3571
iprec_at_recall_0.30  	459	0.3333
iprec_at_recall_0.40  	459	0.3333
iprec_at_recall_0.50  	459	0.2895
iprec_at_recall_0.60  	459	0.1656
iprec_at_recall_0.70  	459	0.1049
iprec_at_recall_0.80  	459	0.0000
iprec_at_recall_0.90  	459	0.0000
iprec_at_recall_1.00  	459	0.0000
P_5                   	459	0.6000
P_10                  	459	0.5000
P_15                  	459	0.4000
P_20                  	459	0.4000
P_30                  	459	0.3333
P_100                 	459	0.2200
P_200                 	459	0.1400
P_500                 	459	0.0620
P_1000                	459	0.0340
relstring             	459	'2011002200'
recall_5              	459	0.0698
recall_10             	459	0.1163
recall_15             	459	0.1395
recall_20             	459	0.1860
recall_30             	459	0.2326
recall_100            	459	0.5116
recall_200            	459	0.6512
recall_500            	459	0.7209
recall_1000           	459	0.7907
infAP                 	459	0.2520
Rprec_mult_0.20       	459	0.5556
Rprec_mult_0.40       	459	0.3889
Rprec_mult_0.60       	459	0.3077
Rprec_mult_0.80       	459	0.2857
Rprec_mult_1.00       	459	0.3023
Rprec_mult_1.20       	459	0.3077
Rprec_mult_1.40       	459	0.3279
Rprec_mult_1.60       	459	0.3043
Rprec_mult_1.80       	459	0.2821
Rprec_mult_2.00       	459	0.2558
utility               	459	-932.0000
11pt_avg              	459	0.2917
binG                  	459	0.1929
G                     	459	0.2042
ndcg                  	459	0.6454
ndcg_rel              	459	0.5731
Rndcg                 	459	0.5222
ndcg_cut_5            	459	0.4970
ndcg_cut_10           	459	0.5644
ndcg_cut_15           	459	0.5381
ndcg_cut_20           	459	0.5217
ndcg_cut_30           	459	0.4645
ndcg_cut_100          	459	0.5415
ndcg_cut_200          	459	0.5990
ndcg_cut_500          	459	0.6240
ndcg_cut_1000         	459	0.6454
map_cut_5             	459	0.0562
map_cut_10            	459	0.0840
map_cut_15            	459	0.0940
map_cut_20            	459	0.1134
map_cut_30            	459	0.1294
map_cut_100           	459	0.2166
map_cut_200           	459	0.2418
map_cut_500           	459	0.2490
map_cut_1000          	459	0.2520
relative_P_5          	459	0.6000
relative_P_10         	459	0.5000
relative_P_15         	459	0.4000
relative_P_20         	459	0.4000
relative_P_30         	459	0.3333
relative_P_100        	459	0.5116
relative_P_200        	459	0.6512
relative_P_500        	459	0.7209
relative_P_1000       	459	0.7907
success_1             	459	1.0000
success_5             	459	1.0000
success_10            	459	1.0000
set_P                 	459	0.0340
set_relative_P        	459	0.7907
set_recall            	459	0.7907
set_map               	459	0.0269
set_F                 	459	0.0652
num_nonrel_judged_ret 	459	447
num_ret               	460	1000
num_rel               	460	61
num_rel_ret           	460	58
map                   	460	0.2112
Rprec                 	460	0.3115
bpref                 	460	0.2032
recip_rank            	460	0.3333
iprec_at_recall_0.00  	460	0.3750
iprec_at_recall_0.10  	460	0.3226
iprec_at_recall_0.20  	460	0.3226
iprec_at_recall_0.30  	460	0.3226
iprec_at_recall_0.40  	460	0.2841
iprec_at_recall_0.50  	460	0.2422
iprec_at_recall_0.60  	460	0.1959
iprec_at_recall_0.70  	460	0.1473
iprec_at_recall_0.80  	460	0.1250
iprec_at_recall_0.90  	460	0.0803
iprec_at_recall_1.00  	460	0.0000
P_5                   	460	0.2000
P_10                  	460	0.3000
P_15                  	460	0.2667
P_20                  	460	0.2500
P_30                  	460	0.2667
P_100                 	460	0.2600
P_200                 	460	0.1900
P_500                 	460	0.1040
P_1000                	460	0.0580
relstring             	460	'0010010100'
recall_5              	460	0.0164
recall_10             	460	0.0492
recall_15             	460	0.0656
recall_20             	460	0.0820
recall_30             	460	0.1311
recall_100            	460	0.4262
recall_200            	460	0.6230
recall_500            	460	0.8525
recall_1000           	460	0.9508
infAP                 	460	0.2112
Rprec_mult_0.20       	460	0.3077
Rprec_mult_0.40       	460	0.2400
Rprec_mult_0.60       	460	0.2162
Rprec_mult_0.80       	460	0.2857
Rprec_mult_1.00       	460	0.3115
Rprec_mult_1.20       	460	0.3108
Rprec_mult_1.40       	460	0.2791
Rprec_mult_1.60       	460	0.2653
Rprec_mult_1.80       	460	0.2455
Rprec_mult_2.00       	460	0.2295
utility               	460	-884.0000
11pt_avg              	460	0.2198
binG                  	460	0.1631
G                     	460	0.1631
ndcg                  	460	0.6342
ndcg_rel              	460	0.4198
Rndcg                 	460	0.4613
ndcg_cut_5            	460	0.1696
ndcg_cut_10           	460	0.2579
ndcg_cut_15           	460	0.2447
ndcg_cut_20           	460	0.2366
ndcg_cut_30           	460	0.2510
ndcg_cut_100          	460	0.3642
ndcg_cut_200          	460	0.4772
ndcg_cut_500          	460	0.5910
ndcg_cut_1000         	460	0.6342
map_cut_5             	460	0.0055
map_cut_10            	460	0.0171
map_cut_15            	460	0.0221
map_cut_20            	460	0.0264
map_cut_30            	460	0.0397
map_cut_100           	460	0.1265
map_cut_200           	460	0.1703
map_cut_500           	460	0.2030
map_cut_1000          	460	0.2112
relative_P_5          	460	0.2000
relative_P_10         	460	0.3000
relative_P_15         	460	0.2667
relative_P_20         	460	0.2500
relative_P_30         	460	0.2667
relative_P_100        	460	0.4262
relative_P_200        	460	0.6230
relative_P_500        	460	0.8525
relative_P_1000       	460	0.9508
success_1             	460	0.0000
success_5             	460	1.0000
success_10            	460	1.0000
set_P                 	460	0.0580
set_relative_P        	460	0.9508
set_recall            	460	0.9508
set_map               	460	0.0551
set_F                 	460	0.1093
num_nonrel_judged_ret 	460	472
num_ret               	461	1000
num_rel               	461	4
num_rel_ret           	461	4
map                   	461	0.7275
Rprec                 	461	0.7500
bpref                 	461	0.6875
recip_rank            	461	1.0000
iprec_at_recall_0.00  	461	1.0000
iprec_at_recall_0.10  	461	1.0000
iprec_at_recall_0.20  	461	1.0000
iprec_at_recall_0.30  	461	1.0000
iprec_at_recall_0.40  	461	1.0000
iprec_at_recall_0.50  	461	1.0000
iprec_at_recall_0.60  	461	0.7500
iprec_at_recall_0.70  	461	0.7500
iprec_at_recall_0.80  	461	0.1600
iprec_at_recall_0.90  	461	0.1600
iprec_at_recall_1.00  	461	0.1600
P_5                   	461	0.6000
P_10                  	461	0.3000
P_15                  	461	0.2000
P_20                  	461	0.1500
P_30                  	461	0.1333
P_100                 	461	0.0400
P_200                 	461	0.0200
P_500                 	461	0.0080
P_1000                	461	0.0040
relstring             	461	'1102000000'
recall_5              	461	0.7500
recall_10             	461	0.7500
recall_15             	461	0.7500
recall_20             	461	0.7500
recall_30             	461	1.0000
recall_100            	461	1.0000
recall_200            	461	1.0000
recall_500            	461	1.0000
recall_1000           	461	1.0000
infAP                 	461	0.7275
Rprec_mult_0.20       	461	1.0000
Rprec_mult_0.40       	461	1.0000
Rprec_mult_0.60       	461	0.6667
Rprec_mult_0.80       	461	0.7500
Rprec_mult_1.00       	461	0.7500
Rprec_mult_1.20       	461	0.6000
Rprec_mult_1.40       	461	0.5000
Rprec_mult_1.60       	461	0.4286
Rprec_mult_1.80       	461	0.3750
Rprec_mult_2.00       	461	0.3750
utility               	461	-992.0000
11pt_avg              	461	0.7255
binG                  	461	0.7130
G                     	461	0.5490
ndcg                  	461	0.7595
ndcg_rel              	461	0.6448
Rndcg                 	461	0.6531
ndcg_cut_5            	461	0.6998
ndcg_cut_10           	461	0.6998
ndcg_cut_15           	461	0.6998
ndcg_cut_20           	461	0.6998
ndcg_cut_30           	461	0.7595
ndcg_cut_100          	461	0.7595
ndcg_cut_200          	461	0.7595
ndcg_cut_500          	461	0.7595
ndcg_cut_1000         	461	0.7595
map_cut_5             	461	0.6875
map_cut_10            	461	0.6875
map_cut_15            	461	0.6875
map_cut_20            	461	0.6875
map_cut_30            	461	0.7275
map_cut_100           	461	0.7275
map_cut_200           	461	0.7275
map_cut_500           	461	0.7275
map_cut_1000          	461	0.7275
relative_P_5          	461	0.7500
relative_P_10         	461	0.7500
relative_P_15         	461	0.7500
relative_P_20         	461	0.7500
relative_P_30         	461	1.0000
relative_P_100        	461	1.0000
relative_P_200        	461	1.0000
relative_P_500        	461	1.0000
relative_P_1000       	461	1.0000
success_1             	461	1.0000
success_5             	461	1.0000
success_10            	461	1.0000
set_P                 	461	0.0040
set_relative_P        	461	1.0000
set_recall            	461	1.0000
set_map               	461	0.0040
set_F                 	461	0.0080
num_nonrel_judged_ret 	461	374
num_ret               	462	1000
num_rel               	462	30
num_rel_ret           	462	22
map                   	462	0.0570
Rprec                 	462	0.1000
bpref                 	462	0.0611
recip_rank            	462	0.2000
iprec_at_recall_0.00  	462	0.2000
iprec_at_recall_0.10  	462	0.1364
iprec_at_recall_0.20  	462	0.0959
iprec_at_recall_0.30  	462	0.0800
iprec_at_recall_0.40  	462	0.0681
iprec_at_recall_0.50  	462	0.0681
iprec_at_recall_0.60  	462	0.0623
iprec_at_recall_0.70  	462	0.0319
iprec_at_recall_0.80  	462	0.0000
iprec_at_recall_0.90  	462	0.0000
iprec_at_recall_1.00  	462	0.0000
P_5                   	462	0.2000
P_10                  	462	0.1000
P_15                  	462	0.1333
P_20                  	462	0.1000
P_30                  	462	0.1000
P_100                 	462	0.0700
P_200                 	462	0.0600
P_500                 	462	0.0380
P_1000                	462	0.0220
relstring             	462	'0000100000'
recall_5              	462	0.0333
recall_10             	462	0.0333
recall_15             	462	0.0667
recall_20             	462	0.0667
recall_30             	462	0.1000
recall_100            	462	0.2333
recall_200            	462	0.4000
recall_500            	462	0.6333
recall_1000           	462	0.7333
infAP                 	462	0.0570
Rprec_mult_0.20       	462	0.1667
Rprec_mult_0.40       	462	0.0833
Rprec_mult_0.60       	462	0.1111
Rprec_mult_0.80       	462	0.1250
Rprec_mult_1.00       	462	0.1000
Rprec_mult_1.20       	462	0.0833
Rprec_mult_1.40       	462	0.0714
Rprec_mult_1.60       	462	0.0833
Rprec_mult_1.80       	462	0.0741
Rprec_mult_2.00       	462	0.0667
utility               	462	-956.0000
11pt_avg              	462	0.0675
binG                  	462	0.1158
G                     	462	0.1049
ndcg                  	462	0.3121
ndcg_rel              	462	0.2190
Rndcg                 	462	0.1286
ndcg_cut_5            	462	0.0702
ndcg_cut_10           	462	0.0544
ndcg_cut_15           	462	0.0763
ndcg_cut_20           	462	0.0669
ndcg_cut_30           	462	0.0737
ndcg_cut_100          	462	0.1310
ndcg_cut_200          	462	0.1906
ndcg_cut_500          	462	0.2756
ndcg_cut_1000         	462	0.3121
map_cut_5             	462	0.0067
map_cut_10            	462	0.0067
map_cut_15            	462	0.0114
map_cut_20            	462	0.0114
map_cut_30            	462	0.0160
map_cut_100           	462	0.0277
map_cut_200           	462	0.0393
map_cut_500           	462	0.0537
map_cut_1000          	462	0.0570
relative_P_5          	462	0.2000
relative_P_10         	462	0.1000
relative_P_15         	462	0.1333
relative_P_20         	462	0.1000
relative_P_30         	462	0.1000
relative_P_100        	462	0.2333
relative_P_200        	462	0.4000
relative_P_500        	462	0.6333
relative_P_1000       	462	0.7333
success_1             	462	0.0000
success_5             	462	1.0000
success_10            	462	1.0000
set_P                 	462	0.0220
set_relative_P        	462	0.7333
set_recall            	462	0.7333
set_map               	462	0.0161
set_F                 	462	0.0427
num_nonrel_judged_ret 	462	585
num_ret               	463	2
num_rel               	463	93
num_rel_ret           	463	0
map                   	463	0.0000
Rprec                 	463	0.0000
bpref                 	463	0.0000
recip_rank            	463	0.0000
iprec_at_recall_0.00  	463	0.0000
iprec_at_recall_0.10  	463	0.0000
iprec_at_recall_0.20  	463	0.0000
iprec_at_recall_0.30  	463	0.0000
iprec_at_recall_0.40  	463	0.0000
iprec_at_recall_0.50  	463	0.0000
iprec_at_recall_0.60  	463	0.0000
iprec_at_recall_0.70  	463	0.0000
iprec_at_recall_0.80  	463	0.0000
iprec_at_recall_0.90  	463	0.0000
iprec_at_recall_1.00  	463	0.0000
P_5                   	463	0.0000
P_10                  	463	0.0000
P_15                  	463	0.0000
P_20                  	463	0.0000
P_30                  	463	0.0000
P_100                 	463	0.0000
P_200                 	463	0.0000
P_500                 	463	0.0000
P_1000                	463	0.0000
relstring             	463	'00'
recall_5              	463	0.0000
recall_10             	463	0.0000
recall_15             	463	0.0000
recall_20             	463	0.0000
recall_30             	463	0.0000
recall_100            	463	0.0000
recall_200            	463	0.0000
recall_500            	463	0.0000
recall_1000           	463	0.0000
infAP                 	463	0.0000
Rprec_mult_0.20       	463	0.0000
Rprec_mult_0.40       	463	0.0000
Rprec_mult_0.60       	463	0.0000
Rprec_mult_0.80       	463	0.0000
Rprec_mult_1.00       	463	0.0000
Rprec_mult_1.20       	463	0.0000
Rprec_mult_1.40       	463	0.0000
Rprec_mult_1.60       	463	0.0000
Rprec_mult_1.80       	463	0.0000
Rprec_mult_2.00       	463	0.0000
utility               	463	-2.0000
11pt_avg              	463	0.0000
binG                  	463	0.0000
G                     	463	0.0000
ndcg                  	463	0.0000
ndcg_rel              	463	0.0000
Rndcg                 	463	0.0000
ndcg_cut_5            	463	0.0000
ndcg_cut_10           	463	0.0000
ndcg_cut_15           	463	0.0000
ndcg_cut_20           	463	0.0000
ndcg_cut_30           	463	0.0000
ndcg_cut_100          	463	0.0000
ndcg_cut_200          	463	0.0000
ndcg_cut_500          	463	0.0000
ndcg_cut_1000         	463	0.0000
map_cut_5             	463	0.0000
map_cut_10            	463	0.0000
map_cut_15            	463	0.0000
map_cut_20            	463	0.0000
map_cut_30            	463	0.0000
map_cut_100           	463	0.0000
map_cut_200           	463	0.0000
map_cut_500           	463	0.0000
map_cut_1000          	463	0.0000
relative_P_5          	463	0.0000
relative_P_10         	463	0.0000
relative_P_15         	463	0.0000
relative_P_20         	463	0.0000
relative_P_30         	463	0.0000
relative_P_100        	463	0.0000
relative_P_200        	463	0.0000
relative_P_500        	463	0.0000
relative_P_1000       	463	0.0000
success_1             	463	0.0000
success_5             	463	0.0000
success_10            	463	0.0000
set_P                 	463	0.0000
set_relative_P        	463	0.0000
set_recall            	463	0.0000
set_map               	463	0.0000
set_F                 	463	0.0000
num_nonrel_judged_ret 	463	2
num_ret               	464	1000
num_rel               	464	13
num_rel_ret           	464	7
map                   	464	0.0104
Rprec                 	464	0.0000
bpref                 	464	0.0000
recip_rank            	464	0.0114
iprec_at_recall_0.00  	464	0.0244
iprec_at_recall_0.10  	464	0.0244
iprec_at_recall_0.20  	464	0.0244
iprec_at_recall_0.30  	464	0.0244
iprec_at_recall_0.40  	464	0.0224
iprec_at_recall_0.50  	464	0.0133
iprec_at_recall_0.60  	464	0.0000
iprec_at_recall_0.70  	464	0.0000
iprec_at_recall_0.80  	464	0.0000
iprec_at_recall_0.90  	464	0.0000
iprec_at_recall_1.00  	464	0.0000
P_5                   	464	0.0000
P_10                  	464	0.0000
P_15                  	464	0.0000
P_20                  	464	0.0000
P_30                  	464	0.0000
P_100                 	464	0.0100
P_200                 	464	0.0200
P_500                 	464	0.0120
P_1000                	464	0.0070
relstring             	464	'0000000000'
recall_5              	464	0.0000
recall_10             	464	0.0000
recall_15             	464	0.0000
recall_20             	464	0.0000
recall_30             	464	0.0000
recall_100            	464	0.0769
recall_200            	464	0.3077
recall_500            	464	0.4615
recall_1000           	464	0.5385
infAP                 	464	0.0104
Rprec_mult_0.20       	464	0.0000
Rprec_mult_0.40       	464	0.0000
Rprec_mult_0.60       	464	0.0000
Rprec_mult_0.80       	464	0.0000
Rprec_mult_1.00       	464	0.0000
Rprec_mult_1.20       	464	0.0000
Rprec_mult_1.40       	464	0.0000
Rprec_mult_1.60       	464	0.0000
Rprec_mult_1.80       	464	0.0000
Rprec_mult_2.00       	464	0.0000
utility               	464	-986.0000
11pt_avg              	464	0.0121
binG                  	464	0.0727
G                     	464	0.0628
ndcg                  	464	0.1349
ndcg_rel              	464	0.1059
Rndcg                 	464	0.0450
ndcg_cut_5            	464	0.0000
ndcg_cut_10           	464	0.0000
ndcg_cut_15           	464	0.0000
ndcg_cut_20           	464	0.0000
ndcg_cut_30           	464	0.0000
ndcg_cut_100          	464	0.0221
ndcg_cut_200          	464	0.0827
ndcg_cut_500          	464	0.1191
ndcg_cut_1000         	464	0.1349
map_cut_5             	464	0.0000
map_cut_10            	464	0.0000
map_cut_15            	464	0.0000
map_cut_20            	464	0.0000
map_cut_30            	464	0.0000
map_cut_100           	464	0.0009
map_cut_200           	464	0.0058
map_cut_500           	464	0.0094
map_cut_1000          	464	0.0104
relative_P_5          	464	0.0000
relative_P_10         	464	0.0000
relative_P_15         	464	0.0000
relative_P_20         	464	0.0000
relative_P_30         	464	0.0000
relative_P_100        	464	0.0769
relative_P_200        	464	0.3077
relative_P_500        	464	0.4615
relative_P_1000       	464	0.5385
success_1             	464	0.0000
success_5             	464	0.0000
success_10            	464	0.0000
set_P                 	464	0.0070
set_relative_P        	464	0.5385
set_recall            	464	0.5385
set_map               	464	0.0038
set_F                 	464	0.0138
num_nonrel_judged_ret 	464	342
num_ret               	465	1000
num_rel               	465	36
num_rel_ret           	465	14
map                   	465	0.0111
Rprec                 	465	0.0000
bpref                 	465	0.0000
recip_rank            	465	0.0256
iprec_at_recall_0.00  	465	0.0465
iprec_at_recall_0.10  	465	0.0455
iprec_at_recall_0.20  	465	0.0184
iprec_at_recall_0.30  	465	0.0184
iprec_at_recall_0.40  	465	0.0000
iprec_at_recall_0.50  	465	0.0000
iprec_at_recall_0.60  	465	0.0000
iprec_at_recall_0.70  	465	0.0000
iprec_at_recall_0.80  	465	0.0000
iprec_at_recall_0.90  	465	0.0000
iprec_at_recall_1.00  	465	0.0000
P_5                   	465	0.0000
P_10                  	465	0.0000
P_15                  	465	0.0000
P_20                  	465	0.0000
P_30                  	465	0.0000
P_100                 	465	0.0300
P_200                 	465	0.0350
P_500                 	465	0.0140
P_1000                	465	0.0140
relstring             	465	'0000000000'
recall_5              	465	0.0000
recall_10             	465	0.0000
recall_15             	465	0.0000
recall_20             	465	0.0000
recall_30             	465	0.0000
recall_100            	465	0.0833
recall_200            	465	0.1944
recall_500            	465	0.1944
recall_1000           	465	0.3889
infAP                 	465	0.0111
Rprec_mult_0.20       	465	0.0000
Rprec_mult_0.40       	465	0.0000
Rprec_mult_0.60       	465	0.0000
Rprec_mult_0.80       	465	0.0000
Rprec_mult_1.00       	465	0.0000
Rprec_mult_1.20       	465	0.0455
Rprec_mult_1.40       	465	0.0392
Rprec_mult_1.60       	465	0.0345
Rprec_mult_1.80       	465	0.0308
Rprec_mult_2.00       	465	0.0417
utility               	465	-972.0000
11pt_avg              	465	0.0117
binG                  	465	0.0518
G                     	465	0.0568
ndcg                  	465	0.1758
ndcg_rel              	465	0.1480
Rndcg                 	465	0.0586
ndcg_cut_5            	465	0.0000
ndcg_cut_10           	465	0.0000
ndcg_cut_15           	465	0.0000
ndcg_cut_20           	465	0.0000
ndcg_cut_30           	465	0.0000
ndcg_cut_100          	465	0.0513
ndcg_cut_200          	465	0.1130
ndcg_cut_500          	465	0.1130
ndcg_cut_1000         	465	0.1758
map_cut_5             	465	0.0000
map_cut_10            	465	0.0000
map_cut_15            	465	0.0000
map_cut_20            	465	0.0000
map_cut_30            	465	0.0000
map_cut_100           	465	0.0032
map_cut_200           	465	0.0078
map_cut_500           	465	0.0078
map_cut_1000          	465	0.0111
relative_P_5          	465	0.0000
relative_P_10         	465	0.0000
relative_P_15         	465	0.0000
relative_P_20         	465	0.0000
relative_P_30         	465	0.0000
relative_P_100        	465	0.0833
relative_P_200        	465	0.1944
relative_P_500        	465	0.1944
relative_P_1000       	465	0.3889
success_1             	465	0.0000
success_5             	465	0.0000
success_10            	465	0.0000
set_P                 	465	0.0140
set_relative_P        	465	0.3889
set_recall            	465	0.3889
set_map               	465	0.0054
set_F                 	465	0.0270
num_nonrel_judged_ret 	465	433
num_ret               	466	1000
num_rel               	466	2
num_rel_ret           	466	2
map                   	466	0.1814
Rprec                 	466	0.0000
bpref                 	466	0.0000
recip_rank            	466	0.3333
iprec_at_recall_0.00  	466	0.3333
iprec_at_recall_0.10  	466	0.3333
iprec_at_recall_0.20  	466	0.3333
iprec_at_recall_0.30  	466	0.3333
iprec_at_recall_0.40  	466	0.3333
iprec_at_recall_0.50  	466	0.3333
iprec_at_recall_0.60  	466	0.0294
iprec_at_recall_0.70  	466	0.0294
iprec_at_recall_0.80  	466	0.0294
iprec_at_recall_0.90  	466	0.0294
iprec_at_recall_1.00  	466	0.0294
P_5                   	466	0.2000
P_10                  	466	0.1000
P_15                  	466	0.0667
P_20                  	466	0.0500
P_30                  	466	0.0333
P_100                 	466	0.0200
P_200                 	466	0.0100
P_500                 	466	0.0040
P_1000                	466	0.0020
relstring             	466	'0020000000'
recall_5              	466	0.5000
recall_10             	466	0.5000
recall_15             	466	0.5000
recall_20             	466	0.5000
recall_30             	466	0.5000
recall_100            	466	1.0000
recall_200            	466	1.0000
recall_500            	466	1.0000
recall_1000           	466	1.0000
infAP                 	466	0.1814
Rprec_mult_0.20       	466	0.0000
Rprec_mult_0.40       	466	0.0000
Rprec_mult_0.60       	466	0.0000
Rprec_mult_0.80       	466	0.0000
Rprec_mult_1.00       	466	0.0000
Rprec_mult_1.20       	466	0.3333
Rprec_mult_1.40       	466	0.3333
Rprec_mult_1.60       	466	0.2500
Rprec_mult_1.80       	466	0.2500
Rprec_mult_2.00       	466	0.2500
utility               	466	-996.0000
11pt_avg              	466	0.1952
binG                  	466	0.3321
G                     	466	0.3881
ndcg                  	466	0.4423
ndcg_rel              	466	0.4112
Rndcg                 	466	0.1474
ndcg_cut_5            	466	0.3801
ndcg_cut_10           	466	0.3801
ndcg_cut_15           	466	0.3801
ndcg_cut_20           	466	0.3801
ndcg_cut_30           	466	0.3801
ndcg_cut_100          	466	0.4423
ndcg_cut_200          	466	0.4423
ndcg_cut_500          	466	0.4423
ndcg_cut_1000         	466	0.4423
map_cut_5             	466	0.1667
map_cut_10            	466	0.1667
map_cut_15            	466	0.1667
map_cut_20            	466	0.1667
map_cut_30            	466	0.1667
map_cut_100           	466	0.1814
map_cut_200           	466	0.1814
map_cut_500           	466	0.1814
map_cut_1000          	466	0.1814
relative_P_5          	466	0.5000
relative_P_10         	466	0.5000
relative_P_15         	466	0.5000
relative_P_20         	466	0.5000
relative_P_30         	466	0.5000
relative_P_100        	466	1.0000
relative_P_200        	466	1.0000
relative_P_500        	466	1.0000
relative_P_1000       	466	1.0000
success_1             	466	0.0000
success_5             	466	1.0000
success_10            	466	1.0000
set_P                 	466	0.0020
set_relative_P        	466	1.0000
set_recall            	466	1.0000
set_map               	466	0.0020
set_F                 	466	0.0040
num_nonrel_judged_ret 	466	341
num_ret               	467	1000
num_rel               	467	60
num_rel_ret           	467	44
map                   	467	0.1526
Rprec                 	467	0.1667
bpref                 	467	0.1464
recip_rank            	467	0.5000
iprec_at_recall_0.00  	467	0.5000
iprec_at_recall_0.10  	467	0.3478
iprec_at_recall_0.20  	467	0.1857
iprec_at_recall_0.30  	467	0.1826
iprec_at_recall_0.40  	467	0.1775
iprec_at_recall_0.50  	467	0.1775
iprec_at_recall_0.60  	467	0.1667
iprec_at_recall_0.70  	467	0.1254
iprec_at_recall_0.80  	467	0.0000
iprec_at_recall_0.90  	467	0.0000
iprec_at_recall_1.00  	467	0.0000
P_5                   	467	0.4000
P_10                  	467	0.3000
P_15                  	467	0.2667
P_20                  	467	0.3000
P_30                  	467	0.2667
P_100                 	467	0.1600
P_200                 	467	0.1750
P_500                 	467	0.0880
P_1000                	467	0.0440
relstring             	467	'0100220000'
recall_5              	467	0.0333
recall_10             	467	0.0500
recall_15             	467	0.0667
recall_20             	467	0.1000
recall_30             	467	0.1333
recall_100            	467	0.2667
recall_200            	467	0.5833
recall_500            	467	0.7333
recall_1000           	467	0.7333
infAP                 	467	0.1526
Rprec_mult_0.20       	467	0.2500
Rprec_mult_0.40       	467	0.3333
Rprec_mult_0.60       	467	0.2778
Rprec_mult_0.80       	467	0.2083
Rprec_mult_1.00       	467	0.1667
Rprec_mult_1.20       	467	0.1806
Rprec_mult_1.40       	467	0.1667
Rprec_mult_1.60       	467	0.1667
Rprec_mult_1.80       	467	0.1667
Rprec_mult_2.00       	467	0.1750
utility               	467	-912.0000
11pt_avg              	467	0.1694
binG                  	467	0.1347
G                     	467	0.1383
ndcg                  	467	0.5139
ndcg_rel              	467	0.4089
Rndcg                 	467	0.2925
ndcg_cut_5            	467	0.2549
ndcg_cut_10           	467	0.2980
ndcg_cut_15           	467	0.2817
ndcg_cut_20           	467	0.3200
ndcg_cut_30           	467	0.3184
ndcg_cut_100          	467	0.2961
ndcg_cut_200          	467	0.4494
ndcg_cut_500          	467	0.5139
ndcg_cut_1000         	467	0.5139
map_cut_5             	467	0.0150
map_cut_10            	467	0.0233
map_cut_15            	467	0.0281
map_cut_20            	467	0.0383
map_cut_30            	467	0.0494
map_cut_100           	467	0.0768
map_cut_200           	467	0.1308
map_cut_500           	467	0.1526
map_cut_1000          	467	0.1526
relative_P_5          	467	0.4000
relative_P_10         	467	0.3000
relative_P_15         	467	0.2667
relative_P_20         	467	0.3000
relative_P_30         	467	0.2667
relative_P_100        	467	0.2667
relative_P_200        	467	0.5833
relative_P_500        	467	0.7333
relative_P_1000       	467	0.7333
success_1             	467	0.0000
success_5             	467	1.0000
success_10            	467	1.0000
set_P                 	467	0.0440
set_relative_P        	467	0.7333
set_recall            	467	0.7333
set_map               	467	0.0323
set_F                 	467	0.0830
num_nonrel_judged_ret 	467	365
num_ret               	468	1000
num_rel               	468	29
num_rel_ret           	468	22
map                   	468	0.0245
Rprec                 	468	0.0000
bpref                 	468	0.0000
recip_rank            	468	0.0192
iprec_at_recall_0.00  	468	0.0556
iprec_at_recall_0.10  	468	0.0556
iprec_at_recall_0.20  	468	0.0412
iprec_at_recall_0.30  	468	0.0412
iprec_at_recall_0.40  	468	0.0332
iprec_at_recall_0.50  	468	0.0259
iprec_at_recall_0.60  	468	0.0259
iprec_at_recall_0.70  	468	0.0259
iprec_at_recall_0.80  	468	0.0000
iprec_at_recall_0.90  	468	0.0000
iprec_at_recall_1.00  	468	0.0000
P_5                   	468	0.0000
P_10                  	468	0.0000
P_15                  	468	0.0000
P_20                  	468	0.0000
P_30                  	468	0.0000
P_100                 	468	0.0500
P_200                 	468	0.0400
P_500                 	468	0.0260
P_1000                	468	0.0220
relstring             	468	'0000000000'
recall_5              	468	0.0000
recall_10             	468	0.0000
recall_15             	468	0.0000
recall_20             	468	0.0000
recall_30             	468	0.0000
recall_100            	468	0.1724
recall_200            	468	0.2759
recall_500            	468	0.4483
recall_1000           	468	0.7586
infAP                 	468	0.0245
Rprec_mult_0.20       	468	0.0000
Rprec_mult_0.40       	468	0.0000
Rprec_mult_0.60       	468	0.0000
Rprec_mult_0.80       	468	0.0000
Rprec_mult_1.00       	468	0.0000
Rprec_mult_1.20       	468	0.0000
Rprec_mult_1.40       	468	0.0000
Rprec_mult_1.60       	468	0.0000
Rprec_mult_1.80       	468	0.0189
Rprec_mult_2.00       	468	0.0172
utility               	468	-956.0000
11pt_avg              	468	0.0277
binG                  	468	0.0959
G                     	468	0.1027
ndcg                  	468	0.2999
ndcg_rel              	468	0.2132
Rndcg                 	468	0.1000
ndcg_cut_5            	468	0.0000
ndcg_cut_10           	468	0.0000
ndcg_cut_15           	468	0.0000
ndcg_cut_20           	468	0.0000
ndcg_cut_30           	468	0.0000
ndcg_cut_100          	468	0.0956
ndcg_cut_200          	468	0.1536
ndcg_cut_500          	468	0.2160
ndcg_cut_1000         	468	0.2999
map_cut_5             	468	0.0000
map_cut_10            	468	0.0000
map_cut_15            	468	0.0000
map_cut_20            	468	0.0000
map_cut_30            	468	0.0000
map_cut_100           	468	0.0070
map_cut_200           	468	0.0110
map_cut_500           	468	0.0172
map_cut_1000          	468	0.0245
relative_P_5          	468	0.0000
relative_P_10         	468	0.0000
relative_P_15         	468	0.0000
relative_P_20         	468	0.0000
relative_P_30         	468	0.0000
relative_P_100        	468	0.1724
relative_P_200        	468	0.2759
relative_P_500        	468	0.4483
relative_P_1000       	468	0.7586
success_1             	468	0.0000
success_5             	468	0.0000
success_10            	468	0.0000
set_P                 	468	0.0220
set_relative_P        	468	0.7586
set_recall            	468	0.7586
set_map               	468	0.0167
set_F                 	468	0.0428
num_nonrel_judged_ret 	468	420
num_ret               	469	852
num_rel               	469	11
num_rel_ret           	469	7
map                   	469	0.0475
Rprec                 	469	0.0909
bpref                 	469	0.0744
recip_rank            	469	0.3333
iprec_at_recall_0.00  	469	0.3333
iprec_at_recall_0.10  	469	0.0833
iprec_at_recall_0.20  	469	0.0566
iprec_at_recall_0.30  	469	0.0171
iprec_at_recall_0.40  	469	0.0171
iprec_at_recall_0.50  	469	0.0096
iprec_at_recall_0.60  	469	0.0096
iprec_at_recall_0.70  	469	0.0000
iprec_at_recall_0.80  	469	0.0000
iprec_at_recall_0.90  	469	0.0000
iprec_at_recall_1.00  	469	0.0000
P_5                   	469	0.2000
P_10                  	469	0.1000
P_15                  	469	0.0667
P_20                  	469	0.0500
P_30                  	469	0.0667
P_100                 	469	0.0300
P_200                 	469	0.0150
P_500                 	469	0.0100
P_1000                	469	0.0070
relstring             	469	'0020000000'
recall_5              	469	0.0909
recall_10             	469	0.0909
recall_15             	469	0.0909
recall_20             	469	0.0909
recall_30             	469	0.1818
recall_100            	469	0.2727
recall_200            	469	0.2727
recall_500            	469	0.4545
recall_1000           	469	0.6364
infAP                 	469	0.0475
Rprec_mult_0.20       	469	0.3333
Rprec_mult_0.40       	469	0.2000
Rprec_mult_0.60       	469	0.1429
Rprec_mult_0.80       	469	0.1111
Rprec_mult_1.00       	469	0.0909
Rprec_mult_1.20       	469	0.0714
Rprec_mult_1.40       	469	0.0625
Rprec_mult_1.60       	469	0.0556
Rprec_mult_1.80       	469	0.0500
Rprec_mult_2.00       	469	0.0455
utility               	469	-838.0000
11pt_avg              	469	0.0479
binG                  	469	0.1227
G                     	469	0.1419
ndcg                  	469	0.3191
ndcg_rel              	469	0.2850
Rndcg                 	469	0.2166
ndcg_cut_5            	469	0.1815
ndcg_cut_10           	469	0.1407
ndcg_cut_15           	469	0.1354
ndcg_cut_20           	469	0.1354
ndcg_cut_30           	469	0.1938
ndcg_cut_100          	469	0.2408
ndcg_cut_200          	469	0.2408
ndcg_cut_500          	469	0.2907
ndcg_cut_1000         	469	0.3191
map_cut_5             	469	0.0303
map_cut_10            	469	0.0303
map_cut_15            	469	0.0303
map_cut_20            	469	0.0303
map_cut_30            	469	0.0379
map_cut_100           	469	0.0430
map_cut_200           	469	0.0430
map_cut_500           	469	0.0459
map_cut_1000          	469	0.0475
relative_P_5          	469	0.2000
relative_P_10         	469	0.1000
relative_P_15         	469	0.0909
relative_P_20         	469	0.0909
relative_P_30         	469	0.1818
relative_P_100        	469	0.2727
relative_P_200        	469	0.2727
relative_P_500        	469	0.4545
relative_P_1000       	469	0.6364
success_1             	469	0.0000
success_5             	469	1.0000
success_10            	469	1.0000
set_P                 	469	0.0082
set_relative_P        	469	0.6364
set_recall            	469	0.6364
set_map               	469	0.0052
set_F                 	469	0.0162
num_nonrel_judged_ret 	469	548
num_ret               	470	275
num_rel               	470	16
num_rel_ret           	470	16
map                   	470	0.1808
Rprec                 	470	0.1875
bpref                 	470	0.1445
recip_rank            	470	1.0000
iprec_at_recall_0.00  	470	1.0000
iprec_at_recall_0.10  	470	0.3333
iprec_at_recall_0.20  	470	0.2381
iprec_at_recall_0.30  	470	0.2381
iprec_at_recall_0.40  	470	0.1522
iprec_at_recall_0.50  	470	0.0592
iprec_at_recall_0.60  	470	0.0588
iprec_at_recall_0.70  	470	0.0588
iprec_at_recall_0.80  	470	0.0588
iprec_at_recall_0.90  	470	0.0588
iprec_at_recall_1.00  	470	0.0588
P_5                   	470	0.2000
P_10                  	470	0.2000
P_15                  	470	0.2000
P_20                  	470	0.2000
P_30                  	470	0.2000
P_100                 	470	0.0700
P_200                 	470	0.0450
P_500                 	470	0.0320
P_1000                	470	0.0160
relstring             	470	'2000010000'
recall_5              	470	0.0625
recall_10             	470	0.1250
recall_15             	470	0.1875
recall_20             	470	0.2500
recall_30             	470	0.3750
recall_100            	470	0.4375
recall_200            	470	0.5625
recall_500            	470	1.0000
recall_1000           	470	1.0000
infAP                 	470	0.1808
Rprec_mult_0.20       	470	0.2500
Rprec_mult_0.40       	470	0.2857
Rprec_mult_0.60       	470	0.2000
Rprec_mult_0.80       	470	0.2308
Rprec_mult_1.00       	470	0.1875
Rprec_mult_1.20       	470	0.2000
Rprec_mult_1.40       	470	0.2174
Rprec_mult_1.60       	470	0.1923
Rprec_mult_1.80       	470	0.2069
Rprec_mult_2.00       	470	0.1875
utility               	470	-243.0000
11pt_avg              	470	0.2105
binG                  	470	0.2337
G                     	470	0.2771
ndcg                  	470	0.6326
ndcg_rel              	470	0.5483
Rndcg                 	470	0.5394
ndcg_cut_5            	470	0.4367
ndcg_cut_10           	470	0.3816
ndcg_cut_15           	470	0.3846
ndcg_cut_20           	470	0.4034
ndcg_cut_30           	470	0.4588
ndcg_cut_100          	470	0.4820
ndcg_cut_200          	470	0.5179
ndcg_cut_500          	470	0.6326
ndcg_cut_1000         	470	0.6326
map_cut_5             	470	0.0625
map_cut_10            	470	0.0833
map_cut_15            	470	0.0978
map_cut_20            	470	0.1125
map_cut_30            	470	0.1403
map_cut_100           	470	0.1498
map_cut_200           	470	0.1570
map_cut_500           	470	0.1808
map_cut_1000          	470	0.1808
relative_P_5          	470	0.2000
relative_P_10         	470	0.2000
relative_P_15         	470	0.2000
relative_P_20         	470	0.2500
relative_P_30         	470	0.3750
relative_P_100        	470	0.4375
relative_P_200        	470	0.5625
relative_P_500        	470	1.0000
relative_P_1000       	470	1.0000
success_1             	470	1.0000
success_5             	470	1.0000
success_10            	470	1.0000
set_P                 	470	0.0582
set_relative_P        	470	1.0000
set_recall            	470	1.0000
set_map               	470	0.0582
set_F                 	470	0.1100
num_nonrel_judged_ret 	470	251
num_ret               	471	1000
num_rel               	471	8
num_rel_ret           	471	4
map                   	471	0.1276
Rprec                 	471	0.1250
bpref                 	471	0.1250
recip_rank            	471	1.0000
iprec_at_recall_0.00  	471	1.0000
iprec_at_recall_0.10  	471	1.0000
iprec_at_recall_0.20  	471	0.0083
iprec_at_recall_0.30  	471	0.0083
iprec_at_recall_0.40  	471	0.0063
iprec_at_recall_0.50  	471	0.0063
iprec_at_recall_0.60  	471	0.0000
iprec_at_recall_0.70  	471	0.0000
iprec_at_recall_0.80  	471	0.0000
iprec_at_recall_0.90  	471	0.0000
iprec_at_recall_1.00  	471	0.0000
P_5                   	471	0.2000
P_10                  	471	0.1000
P_15                  	471	0.0667
P_20                  	471	0.0500
P_30                  	471	0.0333
P_100                 	471	0.0100
P_200                 	471	0.0050
P_500                 	471	0.0060
P_1000                	471	0.0040
relstring             	471	'2000000000'
recall_5              	471	0.1250
recall_10             	471	0.1250
recall_15             	471	0.1250
recall_20             	471	0.1250
recall_30             	471	0.1250
recall_100            	471	0.1250
recall_200            	471	0.1250
recall_500            	471	0.3750
recall_1000           	471	0.5000
infAP                 	471	0.1276
Rprec_mult_0.20       	471	0.5000
Rprec_mult_0.40       	471	0.2500
Rprec_mult_0.60       	471	0.2000
Rprec_mult_0.80       	471	0.1429
Rprec_mult_1.00       	471	0.1250
Rprec_mult_1.20       	471	0.1000
Rprec_mult_1.40       	471	0.0833
Rprec_mult_1.60       	471	0.0769
Rprec_mult_1.80       	471	0.0667
Rprec_mult_2.00       	471	0.0625
utility               	471	-992.0000
11pt_avg              	471	0.1845
binG                  	471	0.1682
G                     	471	0.2606
ndcg                  	471	0.4734
ndcg_rel              	471	0.5309
Rndcg                 	471	0.6257
ndcg_cut_5            	471	0.5065
ndcg_cut_10           	471	0.4038
ndcg_cut_15           	471	0.4038
ndcg_cut_20           	471	0.4038
ndcg_cut_30           	471	0.4038
ndcg_cut_100          	471	0.4038
ndcg_cut_200          	471	0.4038
ndcg_cut_500          	471	0.4518
ndcg_cut_1000         	471	0.4734
map_cut_5             	471	0.1250
map_cut_10            	471	0.1250
map_cut_15            	471	0.1250
map_cut_20            	471	0.1250
map_cut_30            	471	0.1250
map_cut_100           	471	0.1250
map_cut_200           	471	0.1250
map_cut_500           	471	0.1268
map_cut_1000          	471	0.1276
relative_P_5          	471	0.2000
relative_P_10         	471	0.1250
relative_P_15         	471	0.1250
relative_P_20         	471	0.1250
relative_P_30         	471	0.1250
relative_P_100        	471	0.1250
relative_P_200        	471	0.1250
relative_P_500        	471	0.3750
relative_P_1000       	471	0.5000
success_1             	471	1.0000
success_5             	471	1.0000
success_10            	471	1.0000
set_P                 	471	0.0040
set_relative_P        	471	0.5000
set_recall            	471	0.5000
set_map               	471	0.0020
set_F                 	471	0.0079
num_nonrel_judged_ret 	471	564
num_ret               	472	1000
num_rel               	472	29
num_rel_ret           	472	14
map                   	472	0.0629
Rprec                 	472	0.1724
bpref                 	472	0.1058
recip_rank            	472	0.5000
iprec_at_recall_0.00  	472	0.5000
iprec_at_recall_0.10  	472	0.2500
iprec_at_recall_0.20  	472	0.1034
iprec_at_recall_0.30  	472	0.0882
iprec_at_recall_0.40  	472	0.0213
iprec_at_recall_0.50  	472	0.0000
iprec_at_recall_0.60  	472	0.0000
iprec_at_recall_0.70  	472	0.0000
iprec_at_recall_0.80  	472	0.0000
iprec_at_recall_0.90  	472	0.0000
iprec_at_recall_1.00  	472	0.0000
P_5                   	472	0.2000
P_10                  	472	0.1000
P_15                  	472	0.2000
P_20                  	472	0.2000
P_30                  	472	0.1667
P_100                 	472	0.0800
P_200                 	472	0.0500
P_500                 	472	0.0220
P_1000                	472	0.0140
relstring             	472	'0100000000'
recall_5              	472	0.0345
recall_10             	472	0.0345
recall_15             	472	0.1034
recall_20             	472	0.1379
recall_30             	472	0.1724
recall_100            	472	0.2759
recall_200            	472	0.3448
recall_500            	472	0.3793
recall_1000           	472	0.4828
infAP                 	472	0.0629
Rprec_mult_0.20       	472	0.1667
Rprec_mult_0.40       	472	0.1667
Rprec_mult_0.60       	472	0.2222
Rprec_mult_0.80       	472	0.1667
Rprec_mult_1.00       	472	0.1724
Rprec_mult_1.20       	472	0.1429
Rprec_mult_1.40       	472	0.1220
Rprec_mult_1.60       	472	0.1064
Rprec_mult_1.80       	472	0.0943
Rprec_mult_2.00       	472	0.1034
utility               	472	-972.0000
11pt_avg              	472	0.0875
binG                  	472	0.0991
G                     	472	0.0931
ndcg                  	472	0.2881
ndcg_rel              	472	0.2553
Rndcg                 	472	0.2190
ndcg_cut_5            	472	0.1378
ndcg_cut_10           	472	0.1022
ndcg_cut_15           	472	0.1553
ndcg_cut_20           	472	0.1906
ndcg_cut_30           	472	0.1755
ndcg_cut_100          	472	0.2209
ndcg_cut_200          	472	0.2474
ndcg_cut_500          	472	0.2580
ndcg_cut_1000         	472	0.2881
map_cut_5             	472	0.0172
map_cut_10            	472	0.0172
map_cut_15            	472	0.0309
map_cut_20            	472	0.0396
map_cut_30            	472	0.0457
map_cut_100           	472	0.0553
map_cut_200           	472	0.0601
map_cut_500           	472	0.0609
map_cut_1000          	472	0.0629
relative_P_5          	472	0.2000
relative_P_10         	472	0.1000
relative_P_15         	472	0.2000
relative_P_20         	472	0.2000
relative_P_30         	472	0.1724
relative_P_100        	472	0.2759
relative_P_200        	472	0.3448
relative_P_500        	472	0.3793
relative_P_1000       	472	0.4828
success_1             	472	0.0000
success_5             	472	1.0000
success_10            	472	1.0000
set_P                 	472	0.0140
set_relative_P        	472	0.4828
set_recall            	472	0.4828
set_map               	472	0.0068
set_F                 	472	0.0272
num_nonrel_judged_ret 	472	525
num_ret               	473	1000
num_rel               	473	1
num_rel_ret           	473	0
map                   	473	0.0000
Rprec                 	473	0.0000
bpref                 	473	0.0000
recip_rank            	473	0.0000
iprec_at_recall_0.00  	473	0.0000
iprec_at_recall_0.10  	473	0.0000
iprec_at_recall_0.20  	473	0.0000
iprec_at_recall_0.30  	473	0.0000
iprec_at_recall_0.40  	473	0.0000
iprec_at_recall_0.50  	473	0.0000
iprec_at_recall_0.60  	473	0.0000
iprec_at_recall_0.70  	473	0.0000
iprec_at_recall_0.80  	473	0.0000
iprec_at_recall_0.90  	473	0.0000
iprec_at_recall_1.00  	473	0.0000
P_5                   	473	0.0000
P_10                  	473	0.0000
P_15                  	473	0.0000
P_20                  	473	0.0000
P_30                  	473	0.0000
P_100                 	473	0.0000
P_200                 	473	0.0000
P_500                 	473	0.0000
P_1000                	473	0.0000
relstring             	473	'0000000000'
recall_5              	473	0.0000
recall_10             	473	0.0000
recall_15             	473	0.0000
recall_20             	473	0.0000
recall_30             	473	0.0000
recall_100            	473	0.0000
recall_200            	473	0.0000
recall_500            	473	0.0000
recall_1000           	473	0.0000
infAP                 	473	0.0000
Rprec_mult_0.20       	473	0.0000
Rprec_mult_0.40       	473	0.0000
Rprec_mult_0.60       	473	0.0000
Rprec_mult_0.80       	473	